<?xml version="1.0" encoding="UTF-8"?>
<GenRun Id="impl_1" LaunchPart="xc7a35tcpg236-1" LaunchTime="1506559316">
  <File Type="PWROPT-DRC" Name="Group4_MainProject_MotorControl_drc_pwropted.rpt"/>
  <File Type="OPT-METHODOLOGY-DRC" Name="Group4_MainProject_MotorControl_methodology_drc_opted.rpt"/>
  <File Type="INIT-TIMING" Name="Group4_MainProject_MotorControl_timing_summary_init.rpt"/>
  <File Type="ROUTE-PWR-RPX" Name="Group4_MainProject_MotorControl_power_routed.rpx"/>
  <File Type="PA-TCL" Name="Group4_MainProject_MotorControl.tcl"/>
  <File Type="OPT-HWDEF" Name="Group4_MainProject_MotorControl.hwdef"/>
  <File Type="RDI-RDI" Name="Group4_MainProject_MotorControl.vdi"/>
  <File Type="OPT-DCP" Name="Group4_MainProject_MotorControl_opt.dcp"/>
  <File Type="OPT-DRC" Name="Group4_MainProject_MotorControl_drc_opted.rpt"/>
  <File Type="OPT-TIMING" Name="Group4_MainProject_MotorControl_timing_summary_opted.rpt"/>
  <File Type="PWROPT-DCP" Name="Group4_MainProject_MotorControl_pwropt.dcp"/>
  <File Type="PWROPT-TIMING" Name="Group4_MainProject_MotorControl_timing_summary_pwropted.rpt"/>
  <File Type="PLACE-DCP" Name="Group4_MainProject_MotorControl_placed.dcp"/>
  <File Type="PLACE-IO" Name="Group4_MainProject_MotorControl_io_placed.rpt"/>
  <File Type="PLACE-CLK" Name="Group4_MainProject_MotorControl_clock_utilization_placed.rpt"/>
  <File Type="PLACE-UTIL" Name="Group4_MainProject_MotorControl_utilization_placed.rpt"/>
  <File Type="PLACE-UTIL-PB" Name="Group4_MainProject_MotorControl_utilization_placed.pb"/>
  <File Type="PLACE-CTRL" Name="Group4_MainProject_MotorControl_control_sets_placed.rpt"/>
  <File Type="PLACE-SIMILARITY" Name="Group4_MainProject_MotorControl_incremental_reuse_placed.rpt"/>
  <File Type="PLACE-PRE-SIMILARITY" Name="Group4_MainProject_MotorControl_incremental_reuse_pre_placed.rpt"/>
  <File Type="PLACE-TIMING" Name="Group4_MainProject_MotorControl_timing_summary_placed.rpt"/>
  <File Type="POSTPLACE-PWROPT-DCP" Name="Group4_MainProject_MotorControl_postplace_pwropt.dcp"/>
  <File Type="POSTPLACE-PWROPT-TIMING" Name="Group4_MainProject_MotorControl_timing_summary_postplace_pwropted.rpt"/>
  <File Type="PHYSOPT-DCP" Name="Group4_MainProject_MotorControl_physopt.dcp"/>
  <File Type="PHYSOPT-DRC" Name="Group4_MainProject_MotorControl_drc_physopted.rpt"/>
  <File Type="PHYSOPT-TIMING" Name="Group4_MainProject_MotorControl_timing_summary_physopted.rpt"/>
  <File Type="ROUTE-ERROR-DCP" Name="Group4_MainProject_MotorControl_routed_error.dcp"/>
  <File Type="ROUTE-DCP" Name="Group4_MainProject_MotorControl_routed.dcp"/>
  <File Type="ROUTE-BLACKBOX-DCP" Name="Group4_MainProject_MotorControl_routed_bb.dcp"/>
  <File Type="ROUTE-DRC" Name="Group4_MainProject_MotorControl_drc_routed.rpt"/>
  <File Type="ROUTE-DRC-PB" Name="Group4_MainProject_MotorControl_drc_routed.pb"/>
  <File Type="BG-BIN" Name="Group4_MainProject_MotorControl.bin"/>
  <File Type="ROUTE-DRC-RPX" Name="Group4_MainProject_MotorControl_drc_routed.rpx"/>
  <File Type="BG-DRC" Name="Group4_MainProject_MotorControl.drc"/>
  <File Type="ROUTE-METHODOLOGY-DRC" Name="Group4_MainProject_MotorControl_methodology_drc_routed.rpt"/>
  <File Type="BITSTR-MSK" Name="Group4_MainProject_MotorControl.msk"/>
  <File Type="ROUTE-METHODOLOGY-DRC-RPX" Name="Group4_MainProject_MotorControl_methodology_drc_routed.rpx"/>
  <File Type="BG-BGN" Name="Group4_MainProject_MotorControl.bgn"/>
  <File Type="ROUTE-METHODOLOGY-DRC-PB" Name="Group4_MainProject_MotorControl_methodology_drc_routed.pb"/>
  <File Type="ROUTE-PWR" Name="Group4_MainProject_MotorControl_power_routed.rpt"/>
  <File Type="ROUTE-PWR-SUM" Name="Group4_MainProject_MotorControl_power_summary_routed.pb"/>
  <File Type="ROUTE-STATUS" Name="Group4_MainProject_MotorControl_route_status.rpt"/>
  <File Type="ROUTE-STATUS-PB" Name="Group4_MainProject_MotorControl_route_status.pb"/>
  <File Type="ROUTE-TIMINGSUMMARY" Name="Group4_MainProject_MotorControl_timing_summary_routed.rpt"/>
  <File Type="ROUTE-TIMING-PB" Name="Group4_MainProject_MotorControl_timing_summary_routed.pb"/>
  <File Type="ROUTE-TIMING-RPX" Name="Group4_MainProject_MotorControl_timing_summary_routed.rpx"/>
  <File Type="ROUTE-SIMILARITY" Name="Group4_MainProject_MotorControl_incremental_reuse_routed.rpt"/>
  <File Type="ROUTE-CLK" Name="Group4_MainProject_MotorControl_clock_utilization_routed.rpt"/>
  <File Type="POSTROUTE-PHYSOPT-DCP" Name="Group4_MainProject_MotorControl_postroute_physopt.dcp"/>
  <File Type="POSTROUTE-PHYSOPT-BLACKBOX-DCP" Name="Group4_MainProject_MotorControl_postroute_physopt_bb.dcp"/>
  <File Type="POSTROUTE-PHYSOPT-TIMING" Name="Group4_MainProject_MotorControl_timing_summary_postroute_physopted.rpt"/>
  <File Type="POSTROUTE-PHYSOPT-TIMING-PB" Name="Group4_MainProject_MotorControl_timing_summary_postroute_physopted.pb"/>
  <File Type="POSTROUTE-PHYSOPT-TIMING-RPX" Name="Group4_MainProject_MotorControl_timing_summary_postroute_physopted.rpx"/>
  <File Type="BG-BIT" Name="Group4_MainProject_MotorControl.bit"/>
  <File Type="BITSTR-RBT" Name="Group4_MainProject_MotorControl.rbt"/>
  <File Type="BITSTR-NKY" Name="Group4_MainProject_MotorControl.nky"/>
  <File Type="BITSTR-BMM" Name="Group4_MainProject_MotorControl_bd.bmm"/>
  <File Type="BITSTR-MMI" Name="Group4_MainProject_MotorControl.mmi"/>
  <File Type="BITSTR-SYSDEF" Name="Group4_MainProject_MotorControl.sysdef"/>
  <File Type="WBT-USG" Name="usage_statistics_webtalk.html"/>
  <FileSet Name="sources" Type="DesignSrcs" RelSrcDir="$PSRCDIR/sources_1">
    <Filter Type="Srcs"/>
    <File Path="$PSRCDIR/sources_1/new/Group4_MainProject_MotorControl.v">
      <FileInfo>
        <Attr Name="Library" Val="xil_defaultlib"/>
        <Attr Name="UsedIn" Val="synthesis"/>
        <Attr Name="UsedIn" Val="implementation"/>
        <Attr Name="UsedIn" Val="simulation"/>
      </FileInfo>
    </File>
    <Config>
      <Option Name="DesignMode" Val="RTL"/>
      <Option Name="TopModule" Val="Group4_MainProject_MotorControl"/>
      <Option Name="TopAutoSet" Val="TRUE"/>
    </Config>
  </FileSet>
  <FileSet Name="constrs_in" Type="Constrs" RelSrcDir="$PSRCDIR/constrs_1">
    <Filter Type="Constrs"/>
    <File Path="$PPRDIR/../../../Basys3_Master.xdc">
      <FileInfo>
        <Attr Name="UsedIn" Val="synthesis"/>
        <Attr Name="UsedIn" Val="implementation"/>
      </FileInfo>
    </File>
    <Config>
      <Option Name="ConstrsType" Val="XDC"/>
    </Config>
  </FileSet>
  <Strategy Version="1" Minor="2">
    <StratHandle Name="Vivado Implementation Defaults" Flow="Vivado Implementation 2017">
      <Desc>Default settings for Implementation.</Desc>
    </StratHandle>
    <Step Id="init_design"/>
    <Step Id="opt_design"/>
    <Step Id="power_opt_design"/>
    <Step Id="place_design"/>
    <Step Id="post_place_power_opt_design"/>
    <Step Id="phys_opt_design"/>
    <Step Id="route_design"/>
    <Step Id="post_route_phys_opt_design"/>
    <Step Id="write_bitstream">
      <Option Id="BinFile">1</Option>
    </Step>
  </Strategy>
</GenRun>
