<?xml version="1.0" encoding="UTF-8"?>
<GenRun Id="synth_1" LaunchPart="xc7a35tcpg236-1" LaunchTime="1506559217">
  <File Type="RDS-PROPCONSTRS" Name="Group4_MainProject_MotorControl_drc_synth.rpt"/>
  <File Type="PA-TCL" Name="Group4_MainProject_MotorControl.tcl"/>
  <File Type="RDS-RDS" Name="Group4_MainProject_MotorControl.vds"/>
  <File Type="RDS-UTIL" Name="Group4_MainProject_MotorControl_utilization_synth.rpt"/>
  <File Type="RDS-UTIL-PB" Name="Group4_MainProject_MotorControl_utilization_synth.pb"/>
  <File Type="RDS-DCP" Name="Group4_MainProject_MotorControl.dcp"/>
  <File Type="VDS-TIMINGSUMMARY" Name="Group4_MainProject_MotorControl_timing_summary_synth.rpt"/>
  <File Type="VDS-TIMING-PB" Name="Group4_MainProject_MotorControl_timing_summary_synth.pb"/>
  <FileSet Name="sources" Type="DesignSrcs" RelSrcDir="$PSRCDIR/sources_1">
    <Filter Type="Srcs"/>
    <File Path="$PSRCDIR/sources_1/new/Group4_MainProject_MotorControl.v">
      <FileInfo>
        <Attr Name="Library" Val="xil_defaultlib"/>
        <Attr Name="UsedIn" Val="synthesis"/>
        <Attr Name="UsedIn" Val="implementation"/>
        <Attr Name="UsedIn" Val="simulation"/>
      </FileInfo>
    </File>
    <Config>
      <Option Name="DesignMode" Val="RTL"/>
      <Option Name="TopModule" Val="Group4_MainProject_MotorControl"/>
      <Option Name="TopAutoSet" Val="TRUE"/>
    </Config>
  </FileSet>
  <FileSet Name="constrs_in" Type="Constrs" RelSrcDir="$PSRCDIR/constrs_1">
    <Filter Type="Constrs"/>
    <File Path="$PPRDIR/../../../Basys3_Master.xdc">
      <FileInfo>
        <Attr Name="UsedIn" Val="synthesis"/>
        <Attr Name="UsedIn" Val="implementation"/>
      </FileInfo>
    </File>
    <Config>
      <Option Name="ConstrsType" Val="XDC"/>
    </Config>
  </FileSet>
  <Strategy Version="1" Minor="2">
    <StratHandle Name="Vivado Synthesis Defaults" Flow="Vivado Synthesis 2017">
      <Desc>Vivado Synthesis Defaults</Desc>
    </StratHandle>
    <Step Id="synth_design"/>
  </Strategy>
</GenRun>
