<?xml version="1.0" encoding="UTF-8"?>
<GenRun Id="impl_1" LaunchPart="xc7a35tcpg236-1" LaunchTime="1505353311">
  <File Type="PLACE-DCP" Name="Servo_Control_placed.dcp"/>
  <File Type="PA-DCP" Name="Servo_Control.dcp"/>
  <File Type="OPT-METHODOLOGY-DRC" Name="Servo_Control_methodology_drc_opted.rpt"/>
  <File Type="INIT-TIMING" Name="Servo_Control_timing_summary_init.rpt"/>
  <File Type="ROUTE-PWR-RPX" Name="Servo_Control_power_routed.rpx"/>
  <File Type="PA-TCL" Name="Servo_Control.tcl"/>
  <File Type="OPT-HWDEF" Name="Servo_Control.hwdef"/>
  <File Type="RDI-RDI" Name="Servo_Control.vdi"/>
  <File Type="OPT-DCP" Name="Servo_Control_opt.dcp"/>
  <File Type="OPT-DRC" Name="Servo_Control_drc_opted.rpt"/>
  <File Type="OPT-TIMING" Name="Servo_Control_timing_summary_opted.rpt"/>
  <File Type="PWROPT-DCP" Name="Servo_Control_pwropt.dcp"/>
  <File Type="PWROPT-DRC" Name="Servo_Control_drc_pwropted.rpt"/>
  <File Type="PWROPT-TIMING" Name="Servo_Control_timing_summary_pwropted.rpt"/>
  <File Type="PLACE-IO" Name="Servo_Control_io_placed.rpt"/>
  <File Type="PLACE-CLK" Name="Servo_Control_clock_utilization_placed.rpt"/>
  <File Type="PLACE-UTIL" Name="Servo_Control_utilization_placed.rpt"/>
  <File Type="PLACE-UTIL-PB" Name="Servo_Control_utilization_placed.pb"/>
  <File Type="PLACE-CTRL" Name="Servo_Control_control_sets_placed.rpt"/>
  <File Type="PLACE-SIMILARITY" Name="Servo_Control_incremental_reuse_placed.rpt"/>
  <File Type="PLACE-PRE-SIMILARITY" Name="Servo_Control_incremental_reuse_pre_placed.rpt"/>
  <File Type="PLACE-TIMING" Name="Servo_Control_timing_summary_placed.rpt"/>
  <File Type="POSTPLACE-PWROPT-DCP" Name="Servo_Control_postplace_pwropt.dcp"/>
  <File Type="POSTPLACE-PWROPT-TIMING" Name="Servo_Control_timing_summary_postplace_pwropted.rpt"/>
  <File Type="PHYSOPT-DCP" Name="Servo_Control_physopt.dcp"/>
  <File Type="PHYSOPT-DRC" Name="Servo_Control_drc_physopted.rpt"/>
  <File Type="PHYSOPT-TIMING" Name="Servo_Control_timing_summary_physopted.rpt"/>
  <File Type="ROUTE-ERROR-DCP" Name="Servo_Control_routed_error.dcp"/>
  <File Type="ROUTE-DCP" Name="Servo_Control_routed.dcp"/>
  <File Type="ROUTE-BLACKBOX-DCP" Name="Servo_Control_routed_bb.dcp"/>
  <File Type="ROUTE-DRC" Name="Servo_Control_drc_routed.rpt"/>
  <File Type="ROUTE-DRC-PB" Name="Servo_Control_drc_routed.pb"/>
  <File Type="BG-BIN" Name="Servo_Control.bin"/>
  <File Type="ROUTE-DRC-RPX" Name="Servo_Control_drc_routed.rpx"/>
  <File Type="BG-DRC" Name="Servo_Control.drc"/>
  <File Type="ROUTE-METHODOLOGY-DRC" Name="Servo_Control_methodology_drc_routed.rpt"/>
  <File Type="BITSTR-MSK" Name="Servo_Control.msk"/>
  <File Type="ROUTE-METHODOLOGY-DRC-RPX" Name="Servo_Control_methodology_drc_routed.rpx"/>
  <File Type="BG-BGN" Name="Servo_Control.bgn"/>
  <File Type="ROUTE-METHODOLOGY-DRC-PB" Name="Servo_Control_methodology_drc_routed.pb"/>
  <File Type="ROUTE-PWR" Name="Servo_Control_power_routed.rpt"/>
  <File Type="ROUTE-PWR-SUM" Name="Servo_Control_power_summary_routed.pb"/>
  <File Type="ROUTE-STATUS" Name="Servo_Control_route_status.rpt"/>
  <File Type="ROUTE-STATUS-PB" Name="Servo_Control_route_status.pb"/>
  <File Type="ROUTE-TIMINGSUMMARY" Name="Servo_Control_timing_summary_routed.rpt"/>
  <File Type="ROUTE-TIMING-PB" Name="Servo_Control_timing_summary_routed.pb"/>
  <File Type="ROUTE-TIMING-RPX" Name="Servo_Control_timing_summary_routed.rpx"/>
  <File Type="ROUTE-SIMILARITY" Name="Servo_Control_incremental_reuse_routed.rpt"/>
  <File Type="ROUTE-CLK" Name="Servo_Control_clock_utilization_routed.rpt"/>
  <File Type="POSTROUTE-PHYSOPT-DCP" Name="Servo_Control_postroute_physopt.dcp"/>
  <File Type="POSTROUTE-PHYSOPT-BLACKBOX-DCP" Name="Servo_Control_postroute_physopt_bb.dcp"/>
  <File Type="POSTROUTE-PHYSOPT-TIMING" Name="Servo_Control_timing_summary_postroute_physopted.rpt"/>
  <File Type="POSTROUTE-PHYSOPT-TIMING-PB" Name="Servo_Control_timing_summary_postroute_physopted.pb"/>
  <File Type="POSTROUTE-PHYSOPT-TIMING-RPX" Name="Servo_Control_timing_summary_postroute_physopted.rpx"/>
  <File Type="BG-BIT" Name="Servo_Control.bit"/>
  <File Type="BITSTR-RBT" Name="Servo_Control.rbt"/>
  <File Type="BITSTR-NKY" Name="Servo_Control.nky"/>
  <File Type="BITSTR-BMM" Name="Servo_Control_bd.bmm"/>
  <File Type="BITSTR-MMI" Name="Servo_Control.mmi"/>
  <File Type="BITSTR-SYSDEF" Name="Servo_Control.sysdef"/>
  <File Type="WBT-USG" Name="usage_statistics_webtalk.html"/>
  <FileSet Name="sources" Type="DesignSrcs" RelSrcDir="$PSRCDIR/sources_1">
    <Filter Type="Srcs"/>
    <File Path="$PSRCDIR/sources_1/new/Servo_Control.v">
      <FileInfo>
        <Attr Name="UsedIn" Val="synthesis"/>
        <Attr Name="UsedIn" Val="implementation"/>
        <Attr Name="UsedIn" Val="simulation"/>
      </FileInfo>
    </File>
    <Config>
      <Option Name="DesignMode" Val="RTL"/>
      <Option Name="TopModule" Val="Servo_Control"/>
      <Option Name="TopAutoSet" Val="TRUE"/>
    </Config>
  </FileSet>
  <FileSet Name="constrs_in" Type="Constrs" RelSrcDir="$PSRCDIR/constrs_1">
    <Filter Type="Constrs"/>
    <File Path="$PPRDIR/../Downloads/basys3_master/Basys3_Master.xdc">
      <FileInfo>
        <Attr Name="UsedIn" Val="synthesis"/>
        <Attr Name="UsedIn" Val="implementation"/>
      </FileInfo>
    </File>
    <Config>
      <Option Name="TargetConstrsFile" Val="$PPRDIR/../Downloads/basys3_master/Basys3_Master.xdc"/>
      <Option Name="ConstrsType" Val="XDC"/>
    </Config>
  </FileSet>
  <Strategy Version="1" Minor="2">
    <StratHandle Name="Vivado Implementation Defaults" Flow="Vivado Implementation 2017"/>
    <Step Id="init_design"/>
    <Step Id="opt_design"/>
    <Step Id="power_opt_design"/>
    <Step Id="place_design"/>
    <Step Id="post_place_power_opt_design"/>
    <Step Id="phys_opt_design"/>
    <Step Id="route_design"/>
    <Step Id="post_route_phys_opt_design"/>
    <Step Id="write_bitstream"/>
  </Strategy>
</GenRun>
