<?xml version="1.0" encoding="UTF-8"?>
<GenRun Id="synth_1" LaunchPart="xc7a35tcpg236-1" LaunchTime="1505353298">
  <File Type="RDS-PROPCONSTRS" Name="Servo_Control_drc_synth.rpt"/>
  <File Type="PA-TCL" Name="Servo_Control.tcl"/>
  <File Type="RDS-RDS" Name="Servo_Control.vds"/>
  <File Type="RDS-UTIL" Name="Servo_Control_utilization_synth.rpt"/>
  <File Type="RDS-UTIL-PB" Name="Servo_Control_utilization_synth.pb"/>
  <File Type="RDS-DCP" Name="Servo_Control.dcp"/>
  <File Type="VDS-TIMINGSUMMARY" Name="Servo_Control_timing_summary_synth.rpt"/>
  <File Type="VDS-TIMING-PB" Name="Servo_Control_timing_summary_synth.pb"/>
  <FileSet Name="sources" Type="DesignSrcs" RelSrcDir="$PSRCDIR/sources_1">
    <Filter Type="Srcs"/>
    <File Path="$PSRCDIR/sources_1/new/Servo_Control.v">
      <FileInfo>
        <Attr Name="UsedIn" Val="synthesis"/>
        <Attr Name="UsedIn" Val="implementation"/>
        <Attr Name="UsedIn" Val="simulation"/>
      </FileInfo>
    </File>
    <Config>
      <Option Name="DesignMode" Val="RTL"/>
      <Option Name="TopModule" Val="Servo_Control"/>
      <Option Name="TopAutoSet" Val="TRUE"/>
    </Config>
  </FileSet>
  <FileSet Name="constrs_in" Type="Constrs" RelSrcDir="$PSRCDIR/constrs_1">
    <Filter Type="Constrs"/>
    <File Path="$PPRDIR/../Downloads/basys3_master/Basys3_Master.xdc">
      <FileInfo>
        <Attr Name="UsedIn" Val="synthesis"/>
        <Attr Name="UsedIn" Val="implementation"/>
      </FileInfo>
    </File>
    <Config>
      <Option Name="TargetConstrsFile" Val="$PPRDIR/../Downloads/basys3_master/Basys3_Master.xdc"/>
      <Option Name="ConstrsType" Val="XDC"/>
    </Config>
  </FileSet>
  <Strategy Version="1" Minor="2">
    <StratHandle Name="Vivado Synthesis Defaults" Flow="Vivado Synthesis 2017"/>
    <Step Id="synth_design"/>
  </Strategy>
</GenRun>
